index,date,duration,item,month,date(month),network,network_type
0,15-10-2014 06:58,34.429,data,2014-11,14-Oct,data,data
1,15-10-2014 06:58,13,call,2014-11,14-Oct,Vodafone,mobile
2,15-10-2014 14:46,23,call,2014-11,14-Oct,Meteor,mobile
3,15-10-2014 14:48,4,call,2014-11,14-Oct,Tesco,mobile
4,15-10-2014 17:27,4,call,2014-11,14-Oct,Tesco,mobile
5,15-10-2014 18:55,4,call,2014-11,14-Oct,Tesco,mobile
6,16-10-2014 06:58,34.429,data,2014-11,14-Oct,data,data
7,16-10-2014 15:01,602,call,2014-11,14-Oct,Three,mobile
8,16-10-2014 15:12,1050,call,2014-11,14-Oct,Three,mobile
9,16-10-2014 15:30,19,call,2014-11,14-Oct,voicemail,voicemail
10,16-10-2014 16:21,1183,call,2014-11,14-Oct,Three,mobile
11,16-10-2014 22:18,1,sms,2014-11,14-Oct,Meteor,mobile
12,16-10-2014 22:21,1,sms,2014-11,14-Oct,Meteor,mobile
13,17-10-2014 06:58,34.429,data,2014-11,14-Oct,data,data
14,17-10-2014 10:53,1,sms,2014-11,14-Oct,Tesco,mobile
15,17-10-2014 11:19,1,sms,2014-11,14-Oct,Tesco,mobile
16,17-10-2014 11:20,1,sms,2014-11,14-Oct,Meteor,mobile
17,17-10-2014 17:22,1,sms,2014-11,14-Oct,Vodafone,mobile
18,17-10-2014 17:23,1,sms,2014-11,14-Oct,Vodafone,mobile
19,17-10-2014 17:26,92,call,2014-11,14-Oct,Three,mobile
20,17-10-2014 17:29,4,call,2014-11,14-Oct,Vodafone,mobile
21,17-10-2014 17:30,375,call,2014-11,14-Oct,Tesco,mobile
22,17-10-2014 17:42,1,sms,2014-11,14-Oct,Vodafone,mobile
23,17-10-2014 17:44,1,sms,2014-11,14-Oct,Vodafone,mobile
24,17-10-2014 17:44,1,sms,2014-11,14-Oct,Vodafone,mobile
25,17-10-2014 17:44,1,sms,2014-11,14-Oct,Vodafone,mobile
26,18-10-2014 06:58,34.429,data,2014-11,14-Oct,data,data
27,18-10-2014 11:51,783,call,2014-11,14-Oct,Tesco,mobile
28,18-10-2014 12:06,4,call,2014-11,14-Oct,Vodafone,mobile
29,18-10-2014 12:06,3,call,2014-11,14-Oct,Vodafone,mobile
30,18-10-2014 13:08,101,call,2014-11,14-Oct,Vodafone,mobile
31,18-10-2014 13:10,1714,call,2014-11,14-Oct,Three,mobile
32,18-10-2014 14:01,96,call,2014-11,14-Oct,voicemail,voicemail
33,18-10-2014 18:52,1,sms,2014-11,14-Oct,Vodafone,mobile
34,18-10-2014 20:44,384,call,2014-11,14-Oct,Three,mobile
35,18-10-2014 21:04,4,call,2014-11,14-Oct,Three,mobile
36,18-10-2014 21:06,1,sms,2014-11,14-Oct,Three,mobile
37,18-10-2014 21:23,1,sms,2014-11,14-Oct,Vodafone,mobile
38,18-10-2014 22:37,1,sms,2014-11,14-Oct,Three,mobile
39,19-10-2014 06:58,34.429,data,2014-11,14-Oct,data,data
40,19-10-2014 14:47,53,call,2014-11,14-Oct,Three,mobile
41,19-10-2014 15:46,86,call,2014-11,14-Oct,Tesco,mobile
42,19-10-2014 16:21,23,call,2014-11,14-Oct,Three,mobile
43,19-10-2014 16:30,38,call,2014-11,14-Oct,Three,mobile
44,19-10-2014 20:25,428,call,2014-11,14-Oct,Three,mobile
45,20-10-2014 06:58,34.429,data,2014-11,14-Oct,data,data
46,20-10-2014 09:43,69,call,2014-11,14-Oct,voicemail,voicemail
47,20-10-2014 09:43,18,call,2014-11,14-Oct,voicemail,voicemail
48,20-10-2014 13:55,3,call,2014-11,14-Oct,Vodafone,mobile
49,20-10-2014 13:56,6,call,2014-11,14-Oct,landline,landline
50,20-10-2014 18:14,5,call,2014-11,14-Oct,Tesco,mobile
51,20-10-2014 18:24,131,call,2014-11,14-Oct,Vodafone,mobile
52,20-10-2014 19:59,1,sms,2014-11,14-Oct,Vodafone,mobile
53,20-10-2014 20:16,1,sms,2014-11,14-Oct,Vodafone,mobile
54,21-10-2014 06:58,34.429,data,2014-11,14-Oct,data,data
55,21-10-2014 16:17,550,call,2014-11,14-Oct,Three,mobile
56,22-10-2014 06:58,34.429,data,2014-11,14-Oct,data,data
57,22-10-2014 12:04,7,call,2014-11,14-Oct,Three,mobile
58,23-10-2014 06:58,34.429,data,2014-11,14-Oct,data,data
59,23-10-2014 08:34,1940,call,2014-11,14-Oct,landline,landline
60,23-10-2014 09:45,281,call,2014-11,14-Oct,Meteor,mobile
61,23-10-2014 10:46,1,sms,2014-11,14-Oct,Tesco,mobile
62,23-10-2014 10:54,1,sms,2014-11,14-Oct,Vodafone,mobile
63,23-10-2014 11:17,1,sms,2014-11,14-Oct,Vodafone,mobile
64,23-10-2014 11:25,24,call,2014-11,14-Oct,Vodafone,mobile
65,23-10-2014 17:48,263,call,2014-11,14-Oct,Meteor,mobile
66,24-10-2014 06:58,34.429,data,2014-11,14-Oct,data,data
67,24-10-2014 13:35,1,sms,2014-11,14-Oct,Vodafone,mobile
68,24-10-2014 13:39,1,sms,2014-11,14-Oct,Vodafone,mobile
69,24-10-2014 13:39,1,sms,2014-11,14-Oct,Vodafone,mobile
70,24-10-2014 13:47,1,sms,2014-11,14-Oct,Vodafone,mobile
71,24-10-2014 13:48,1,sms,2014-11,14-Oct,Vodafone,mobile
72,24-10-2014 13:50,1,sms,2014-11,14-Oct,Vodafone,mobile
73,24-10-2014 13:57,1,sms,2014-11,14-Oct,Vodafone,mobile
74,24-10-2014 13:57,1,sms,2014-11,14-Oct,Vodafone,mobile
75,24-10-2014 14:20,1,sms,2014-11,14-Oct,Three,mobile
76,24-10-2014 14:27,1,sms,2014-11,14-Oct,Vodafone,mobile
77,24-10-2014 18:29,1,sms,2014-11,14-Oct,Vodafone,mobile
78,24-10-2014 18:33,387,call,2014-11,14-Oct,Tesco,mobile
79,24-10-2014 18:40,1,sms,2014-11,14-Oct,Vodafone,mobile
80,25-10-2014 06:58,34.429,data,2014-11,14-Oct,data,data
81,26-10-2014 06:58,34.429,data,2014-11,14-Oct,data,data
82,26-10-2014 14:51,4,call,2014-11,14-Oct,Three,mobile
83,26-10-2014 21:10,637,call,2014-11,14-Oct,Tesco,mobile
84,26-10-2014 21:22,28,call,2014-11,14-Oct,Meteor,mobile
85,26-10-2014 21:38,62,call,2014-11,14-Oct,Three,mobile
86,27-10-2014 01:45,3,call,2014-11,14-Oct,Tesco,mobile
87,27-10-2014 06:58,34.429,data,2014-11,14-Oct,data,data
88,27-10-2014 11:03,146,call,2014-11,14-Oct,Three,mobile
89,27-10-2014 16:30,48,call,2014-11,14-Oct,Three,mobile
90,27-10-2014 19:20,862,call,2014-11,14-Oct,Three,mobile
91,27-10-2014 19:55,25,call,2014-11,14-Oct,Three,mobile
92,28-10-2014 06:58,34.429,data,2014-11,14-Oct,data,data
93,28-10-2014 16:39,833,call,2014-11,14-Oct,landline,landline
94,28-10-2014 20:44,206,call,2014-11,14-Oct,Tesco,mobile
95,29-10-2014 06:58,34.429,data,2014-11,14-Oct,data,data
96,29-10-2014 12:56,442,call,2014-11,14-Oct,Vodafone,mobile
97,30-10-2014 06:58,34.429,data,2014-11,14-Oct,data,data
98,30-10-2014 14:31,463,call,2014-11,14-Oct,Vodafone,mobile
99,30-10-2014 19:48,4,call,2014-11,14-Oct,Vodafone,mobile
100,30-10-2014 20:02,4,call,2014-11,14-Oct,Meteor,mobile
101,31-10-2014 06:58,34.429,data,2014-11,14-Oct,data,data
102,31-10-2014 07:46,1,sms,2014-11,14-Oct,Vodafone,mobile
103,31-10-2014 08:00,1,sms,2014-11,14-Oct,Vodafone,mobile
104,31-10-2014 13:26,5,call,2014-11,14-Oct,Three,mobile
105,31-10-2014 13:27,1234,call,2014-11,14-Oct,Tesco,mobile
106,31-10-2014 14:10,43,call,2014-11,14-Oct,Three,mobile
107,31-10-2014 18:29,1,sms,2014-11,14-Oct,Three,mobile
108,31-10-2014 18:29,1,sms,2014-11,14-Oct,Three,mobile
109,31-10-2014 18:30,483,call,2014-11,14-Oct,Meteor,mobile
110,31-10-2014 18:39,3,call,2014-11,14-Oct,Tesco,mobile
111,1/11/2014 6:58,34.429,data,2014-11,14-Nov,data,data
112,1/11/2014 15:13,955,call,2014-11,14-Nov,Vodafone,mobile
113,1/11/2014 17:54,4,call,2014-11,14-Nov,Tesco,mobile
114,2/11/2014 6:58,34.429,data,2014-11,14-Nov,data,data
115,2/11/2014 14:34,459,call,2014-11,14-Nov,Three,mobile
116,2/11/2014 15:44,1023,call,2014-11,14-Nov,Three,mobile
117,2/11/2014 19:16,1025,call,2014-11,14-Nov,Three,mobile
118,2/11/2014 21:42,169,call,2014-11,14-Nov,Meteor,mobile
119,2/11/2014 22:55,8,call,2014-11,14-Nov,Meteor,mobile
120,3/11/2014 6:58,34.429,data,2014-11,14-Nov,data,data
121,3/11/2014 8:40,1,sms,2014-11,14-Nov,special,special
122,3/11/2014 10:30,135,call,2014-11,14-Nov,Three,mobile
123,3/11/2014 10:37,7,call,2014-11,14-Nov,Vodafone,mobile
124,3/11/2014 10:47,37,call,2014-11,14-Nov,Vodafone,mobile
125,3/11/2014 14:04,1,sms,2014-11,14-Nov,Vodafone,mobile
126,3/11/2014 15:27,5,call,2014-11,14-Nov,Three,mobile
127,3/11/2014 16:07,123,call,2014-11,14-Nov,landline,landline
128,3/11/2014 16:10,4,call,2014-11,14-Nov,Tesco,mobile
129,3/11/2014 17:03,90,call,2014-11,14-Nov,Vodafone,mobile
130,3/11/2014 22:36,3,call,2014-11,14-Nov,Tesco,mobile
131,4/11/2014 6:58,34.429,data,2014-11,14-Nov,data,data
132,4/11/2014 11:58,1,sms,2014-11,14-Nov,Vodafone,mobile
133,4/11/2014 11:58,1,sms,2014-11,14-Nov,Vodafone,mobile
134,4/11/2014 13:12,1,sms,2014-11,14-Nov,Three,mobile
135,4/11/2014 14:05,1,sms,2014-11,14-Nov,Three,mobile
136,4/11/2014 14:26,1,call,2014-11,14-Nov,voicemail,voicemail
137,4/11/2014 14:26,98,call,2014-11,14-Nov,voicemail,voicemail
138,4/11/2014 16:13,1,sms,2014-11,14-Nov,Three,mobile
139,4/11/2014 16:19,8,call,2014-11,14-Nov,Meteor,mobile
140,4/11/2014 16:22,9,call,2014-11,14-Nov,Meteor,mobile
141,4/11/2014 16:24,4,call,2014-11,14-Nov,Meteor,mobile
142,4/11/2014 16:34,1,sms,2014-11,14-Nov,Three,mobile
143,4/11/2014 16:39,1,sms,2014-11,14-Nov,Meteor,mobile
144,4/11/2014 16:41,1,sms,2014-11,14-Nov,Meteor,mobile
145,4/11/2014 16:45,1,sms,2014-11,14-Nov,Three,mobile
146,4/11/2014 18:26,4,call,2014-11,14-Nov,Tesco,mobile
147,4/11/2014 20:15,11,call,2014-11,14-Nov,Three,mobile
148,4/11/2014 20:15,1,sms,2014-11,14-Nov,Meteor,mobile
149,4/11/2014 20:15,1,sms,2014-11,14-Nov,Meteor,mobile
150,4/11/2014 20:16,166,call,2014-11,14-Nov,Meteor,mobile
151,5/11/2014 6:58,34.429,data,2014-11,14-Nov,data,data
152,5/11/2014 10:59,55,call,2014-11,14-Nov,Three,mobile
153,5/11/2014 11:30,1,sms,2014-11,14-Nov,Vodafone,mobile
154,5/11/2014 11:43,1,sms,2014-11,14-Nov,Vodafone,mobile
155,5/11/2014 12:43,1,sms,2014-11,14-Nov,Vodafone,mobile
156,5/11/2014 19:35,29,call,2014-11,14-Nov,Vodafone,mobile
157,6/11/2014 1:02,1,sms,2014-11,14-Nov,Vodafone,mobile
158,6/11/2014 1:02,1,sms,2014-11,14-Nov,Vodafone,mobile
159,6/11/2014 6:58,34.429,data,2014-11,14-Nov,data,data
160,6/11/2014 9:04,1,sms,2014-11,14-Nov,Vodafone,mobile
161,6/11/2014 9:05,1,sms,2014-11,14-Nov,Vodafone,mobile
162,6/11/2014 9:47,150,call,2014-11,14-Nov,Vodafone,mobile
163,6/11/2014 9:50,89,call,2014-11,14-Nov,Three,mobile
164,6/11/2014 9:52,75,call,2014-11,14-Nov,Meteor,mobile
165,6/11/2014 9:54,5,call,2014-11,14-Nov,Three,mobile
166,6/11/2014 11:47,8,call,2014-11,14-Nov,Vodafone,mobile
167,6/11/2014 14:52,1,sms,2014-11,14-Nov,Vodafone,mobile
168,6/11/2014 18:02,279,call,2014-11,14-Nov,Tesco,mobile
169,6/11/2014 18:07,452,call,2014-11,14-Nov,Vodafone,mobile
170,7/11/2014 6:58,34.429,data,2014-11,14-Nov,data,data
171,7/11/2014 9:33,1205,call,2014-11,14-Nov,Vodafone,mobile
172,7/11/2014 17:51,218,call,2014-11,14-Nov,Three,mobile
173,7/11/2014 21:04,1,sms,2014-11,14-Nov,Vodafone,mobile
174,7/11/2014 21:10,1,sms,2014-11,14-Nov,Vodafone,mobile
175,7/11/2014 21:12,1,sms,2014-11,14-Nov,Vodafone,mobile
176,7/11/2014 21:12,1,sms,2014-11,14-Nov,Vodafone,mobile
177,7/11/2014 21:19,1,sms,2014-11,14-Nov,Vodafone,mobile
178,7/11/2014 21:25,1,sms,2014-11,14-Nov,Vodafone,mobile
179,7/11/2014 21:31,1,sms,2014-11,14-Nov,Vodafone,mobile
180,7/11/2014 21:31,1,sms,2014-11,14-Nov,Vodafone,mobile
181,7/11/2014 22:04,1,sms,2014-11,14-Nov,Vodafone,mobile
182,8/11/2014 6:58,34.429,data,2014-11,14-Nov,data,data
183,8/11/2014 16:33,41,call,2014-11,14-Nov,Three,mobile
184,8/11/2014 18:18,6,call,2014-11,14-Nov,Tesco,mobile
185,9/11/2014 1:41,1,sms,2014-11,14-Nov,Three,mobile
186,9/11/2014 1:49,1,sms,2014-11,14-Nov,Three,mobile
187,9/11/2014 1:50,1,sms,2014-11,14-Nov,Three,mobile
188,9/11/2014 2:04,1,sms,2014-11,14-Nov,Three,mobile
189,9/11/2014 6:58,34.429,data,2014-11,14-Nov,data,data
190,9/11/2014 19:21,14,call,2014-11,14-Nov,Tesco,mobile
191,9/11/2014 22:09,3,call,2014-11,14-Nov,Three,mobile
192,10/11/2014 6:58,34.429,data,2014-11,14-Nov,data,data
193,10/11/2014 9:29,178,call,2014-11,14-Nov,Vodafone,mobile
194,10/11/2014 11:36,412,call,2014-11,14-Nov,Three,mobile
195,10/11/2014 14:59,13,call,2014-11,14-Nov,Three,mobile
196,10/11/2014 15:15,459,call,2014-11,14-Nov,Three,mobile
197,10/11/2014 18:19,1,sms,2014-11,14-Nov,Three,mobile
198,10/11/2014 18:34,1,sms,2014-11,14-Nov,Three,mobile
199,11/11/2014 6:58,34.429,data,2014-11,14-Nov,data,data
200,11/11/2014 9:28,3,call,2014-11,14-Nov,Vodafone,mobile
201,11/11/2014 11:32,3,call,2014-11,14-Nov,Vodafone,mobile
202,11/11/2014 11:37,1,sms,2014-11,14-Nov,Three,mobile
203,11/11/2014 12:39,36,call,2014-11,14-Nov,Three,mobile
204,11/11/2014 14:13,1,sms,2014-11,14-Nov,Meteor,mobile
205,11/11/2014 14:20,1,sms,2014-11,14-Nov,Meteor,mobile
206,11/11/2014 14:41,1,sms,2014-11,14-Nov,Meteor,mobile
207,11/11/2014 19:56,1,sms,2014-11,14-Nov,Three,mobile
208,12/11/2014 6:58,34.429,data,2014-11,14-Nov,data,data
209,12/11/2014 10:48,1,sms,2014-11,14-Nov,Vodafone,mobile
210,12/11/2014 10:48,1,sms,2014-11,14-Nov,Three,mobile
211,12/11/2014 10:48,1,sms,2014-11,14-Nov,Vodafone,mobile
212,12/11/2014 10:49,1,sms,2014-11,14-Nov,Three,mobile
213,12/11/2014 12:04,1,sms,2014-11,14-Nov,Three,mobile
214,12/11/2014 13:49,1,sms,2014-11,14-Nov,Vodafone,mobile
215,12/11/2014 16:16,1,sms,2014-11,14-Nov,Vodafone,mobile
216,12/11/2014 16:19,4,call,2014-11,14-Nov,landline,landline
217,12/11/2014 16:42,1,sms,2014-11,14-Nov,Vodafone,mobile
218,12/11/2014 16:42,1,sms,2014-11,14-Nov,Vodafone,mobile
219,12/11/2014 17:14,1,sms,2014-11,14-Nov,Vodafone,mobile
220,12/11/2014 17:14,1,sms,2014-11,14-Nov,Vodafone,mobile
221,12/11/2014 17:49,1,sms,2014-11,14-Nov,Three,mobile
222,12/11/2014 17:56,145,call,2014-11,14-Nov,Three,mobile
223,12/11/2014 17:59,1001,call,2014-11,14-Nov,Three,mobile
224,12/11/2014 19:01,7,call,2014-11,14-Nov,Vodafone,mobile
225,12/11/2014 19:18,1,sms,2014-11,14-Nov,Three,mobile
226,12/11/2014 19:18,1,sms,2014-11,14-Nov,Three,mobile
227,12/11/2014 19:20,1,sms,2014-11,14-Nov,Vodafone,mobile
228,13-11-2014 06:58,34.429,data,2014-12,14-Nov,data,data
229,13-11-2014 22:30,1,sms,2014-11,14-Nov,Three,mobile
230,13-11-2014 22:31,1,sms,2014-11,14-Nov,Vodafone,mobile
231,14-11-2014 06:58,34.429,data,2014-12,14-Nov,data,data
232,14-11-2014 17:24,124,call,2014-12,14-Nov,voicemail,voicemail
233,14-11-2014 17:28,1,sms,2014-12,14-Nov,Vodafone,mobile
234,15-11-2014 06:58,34.429,data,2014-12,14-Nov,data,data
235,16-11-2014 06:58,34.429,data,2014-12,14-Nov,data,data
236,16-11-2014 14:05,4,call,2014-12,14-Nov,Vodafone,mobile
237,17-11-2014 06:58,34.429,data,2014-12,14-Nov,data,data
238,18-11-2014 06:58,34.429,data,2014-12,14-Nov,data,data
239,18-11-2014 08:22,1,sms,2014-12,14-Nov,Vodafone,mobile
240,18-11-2014 08:29,1,sms,2014-12,14-Nov,Vodafone,mobile
241,18-11-2014 08:29,1,sms,2014-12,14-Nov,Vodafone,mobile
242,18-11-2014 08:33,1,sms,2014-12,14-Nov,Vodafone,mobile
243,18-11-2014 08:34,1,sms,2014-12,14-Nov,Vodafone,mobile
244,18-11-2014 08:34,1,sms,2014-12,14-Nov,Vodafone,mobile
245,18-11-2014 08:39,1,sms,2014-12,14-Nov,Vodafone,mobile
246,18-11-2014 08:42,1,sms,2014-12,14-Nov,Vodafone,mobile
247,18-11-2014 08:45,1,sms,2014-12,14-Nov,Vodafone,mobile
248,18-11-2014 09:35,1,sms,2014-12,14-Nov,Vodafone,mobile
249,19-11-2014 06:58,34.429,data,2014-12,14-Nov,data,data
250,19-11-2014 14:05,128,call,2014-12,14-Nov,Tesco,mobile
251,19-11-2014 14:11,249,call,2014-12,14-Nov,Meteor,mobile
252,19-11-2014 18:56,2120,call,2014-12,14-Nov,Three,mobile
253,19-11-2014 22:48,1,sms,2014-12,14-Nov,Vodafone,mobile
254,20-11-2014 06:58,34.429,data,2014-12,14-Nov,data,data
255,20-11-2014 14:57,71,call,2014-12,14-Nov,voicemail,voicemail
256,20-11-2014 14:59,56,call,2014-12,14-Nov,Three,mobile
257,20-11-2014 16:22,1,sms,2014-12,14-Nov,Meteor,mobile
258,20-11-2014 19:08,9,call,2014-12,14-Nov,Three,mobile
259,20-11-2014 21:03,3,call,2014-12,14-Nov,Three,mobile
260,20-11-2014 21:03,3,call,2014-12,14-Nov,Three,mobile
261,21-11-2014 00:17,17,call,2014-12,14-Nov,Tesco,mobile
262,21-11-2014 01:13,1,sms,2014-12,14-Nov,Vodafone,mobile
263,21-11-2014 06:58,34.429,data,2014-12,14-Nov,data,data
264,21-11-2014 10:29,1,sms,2014-12,14-Nov,Meteor,mobile
265,21-11-2014 10:29,1,sms,2014-12,14-Nov,Meteor,mobile
266,21-11-2014 10:30,1,sms,2014-12,14-Nov,Meteor,mobile
267,21-11-2014 11:29,8,call,2014-12,14-Nov,landline,landline
268,21-11-2014 11:31,982,call,2014-12,14-Nov,Vodafone,mobile
269,21-11-2014 11:49,11,call,2014-12,14-Nov,landline,landline
270,21-11-2014 11:50,34,call,2014-12,14-Nov,Three,mobile
271,21-11-2014 11:50,8,call,2014-12,14-Nov,Three,mobile
272,21-11-2014 13:31,600,call,2014-12,14-Nov,Tesco,mobile
273,21-11-2014 18:07,244,call,2014-12,14-Nov,Meteor,mobile
274,22-11-2014 02:10,186,call,2014-12,14-Nov,Tesco,mobile
275,22-11-2014 06:58,34.429,data,2014-12,14-Nov,data,data
276,22-11-2014 12:02,75,call,2014-12,14-Nov,Meteor,mobile
277,22-11-2014 12:10,90,call,2014-12,14-Nov,Vodafone,mobile
278,22-11-2014 14:30,13,call,2014-12,14-Nov,Vodafone,mobile
279,22-11-2014 14:33,20,call,2014-12,14-Nov,Vodafone,mobile
280,22-11-2014 14:34,2,call,2014-12,14-Nov,Vodafone,mobile
281,23-11-2014 06:58,34.429,data,2014-12,14-Nov,data,data
282,23-11-2014 13:24,208,call,2014-12,14-Nov,Three,mobile
283,23-11-2014 16:10,107,call,2014-12,14-Nov,Three,mobile
284,23-11-2014 17:36,55,call,2014-12,14-Nov,Three,mobile
285,23-11-2014 17:53,5,call,2014-12,14-Nov,Three,mobile
286,23-11-2014 17:53,20,call,2014-12,14-Nov,Three,mobile
287,23-11-2014 17:54,2,call,2014-12,14-Nov,Three,mobile
288,24-11-2014 06:58,34.429,data,2014-12,14-Nov,data,data
289,24-11-2014 09:40,1,sms,2014-12,14-Nov,Three,mobile
290,24-11-2014 12:24,4,call,2014-12,14-Nov,Meteor,mobile
291,25-11-2014 06:58,34.429,data,2014-12,14-Nov,data,data
292,25-11-2014 11:25,21,call,2014-12,14-Nov,Vodafone,mobile
293,25-11-2014 16:09,1,sms,2014-12,14-Nov,Meteor,mobile
294,25-11-2014 16:19,1,sms,2014-12,14-Nov,Meteor,mobile
295,25-11-2014 17:10,114,call,2014-12,14-Nov,Meteor,mobile
296,25-11-2014 18:06,1,sms,2014-12,14-Nov,Meteor,mobile
297,25-11-2014 18:18,81,call,2014-12,14-Nov,Meteor,mobile
298,25-11-2014 18:47,174,call,2014-12,14-Nov,voicemail,voicemail
299,25-11-2014 19:10,71,call,2014-12,14-Nov,Tesco,mobile
300,25-11-2014 19:20,40,call,2014-12,14-Nov,Tesco,mobile
301,25-11-2014 19:21,29,call,2014-12,14-Nov,voicemail,voicemail
302,25-11-2014 19:25,37,call,2014-12,14-Nov,Tesco,mobile
303,25-11-2014 19:26,63,call,2014-12,14-Nov,voicemail,voicemail
304,25-11-2014 20:39,1,sms,2014-12,14-Nov,Three,mobile
305,26-11-2014 06:58,34.429,data,2014-12,14-Nov,data,data
306,26-11-2014 07:03,14,call,2014-12,14-Nov,Meteor,mobile
307,26-11-2014 07:15,1,sms,2014-12,14-Nov,Vodafone,mobile
308,26-11-2014 07:57,1,sms,2014-12,14-Nov,Vodafone,mobile
309,26-11-2014 07:59,4,call,2014-12,14-Nov,Three,mobile
310,26-11-2014 08:00,1,sms,2014-12,14-Nov,Vodafone,mobile
311,26-11-2014 08:13,10,call,2014-12,14-Nov,Three,mobile
312,26-11-2014 08:16,3,call,2014-12,14-Nov,Three,mobile
313,26-11-2014 08:26,3,call,2014-12,14-Nov,Three,mobile
314,26-11-2014 08:27,3,call,2014-12,14-Nov,Three,mobile
315,26-11-2014 09:01,1,sms,2014-12,14-Nov,Meteor,mobile
316,26-11-2014 11:53,1,sms,2014-12,14-Nov,Meteor,mobile
317,26-11-2014 11:54,1,sms,2014-12,14-Nov,Meteor,mobile
318,26-11-2014 11:54,1,sms,2014-12,14-Nov,Meteor,mobile
319,26-11-2014 11:56,1,sms,2014-12,14-Nov,Meteor,mobile
320,26-11-2014 17:48,3,call,2014-12,14-Nov,Three,mobile
321,27-11-2014 06:58,34.429,data,2014-12,14-Nov,data,data
322,27-11-2014 16:53,1116,call,2014-12,14-Nov,Three,mobile
323,27-11-2014 18:38,1,sms,2014-12,14-Nov,Three,mobile
324,28-11-2014 06:58,34.429,data,2014-12,14-Nov,data,data
325,28-11-2014 13:05,1,sms,2014-12,14-Nov,Three,mobile
326,28-11-2014 13:12,1,sms,2014-12,14-Nov,Three,mobile
327,28-11-2014 19:03,143,call,2014-12,14-Nov,Tesco,mobile
328,29-11-2014 06:58,34.429,data,2014-12,14-Nov,data,data
329,29-11-2014 14:44,151,call,2014-12,14-Nov,Three,mobile
330,30-11-2014 06:58,34.429,data,2014-12,14-Nov,data,data
331,30-11-2014 11:45,1,sms,2014-12,14-Nov,Three,mobile
332,30-11-2014 11:48,1,sms,2014-12,14-Nov,Three,mobile
333,30-11-2014 11:48,1,sms,2014-12,14-Nov,Three,mobile
334,30-11-2014 12:06,1,sms,2014-12,14-Nov,Three,mobile
335,30-11-2014 14:24,1,sms,2014-12,14-Nov,Three,mobile
336,30-11-2014 14:44,1,sms,2014-12,14-Nov,Three,mobile
337,30-11-2014 14:51,4,call,2014-12,14-Nov,Three,mobile
338,1/12/2014 6:58,34.429,data,2014-12,14-Dec,data,data
339,1/12/2014 12:51,1,sms,2014-12,14-Dec,Three,mobile
340,1/12/2014 12:59,1,sms,2014-12,14-Dec,Three,mobile
341,2/12/2014 6:58,34.429,data,2014-12,14-Dec,data,data
342,2/12/2014 11:40,526,call,2014-12,14-Dec,Meteor,mobile
343,3/12/2014 6:58,34.429,data,2014-12,14-Dec,data,data
344,3/12/2014 15:01,844,call,2014-12,14-Dec,landline,landline
345,3/12/2014 18:10,383,call,2014-12,14-Dec,Tesco,mobile
346,4/12/2014 6:58,34.429,data,2014-12,14-Dec,data,data
347,4/12/2014 13:52,6,call,2014-12,14-Dec,Vodafone,mobile
348,4/12/2014 15:34,37,call,2014-12,14-Dec,Three,mobile
349,4/12/2014 16:02,15,call,2014-12,14-Dec,Meteor,mobile
350,4/12/2014 23:41,71,call,2014-12,14-Dec,voicemail,voicemail
351,5/12/2014 6:58,34.429,data,2014-12,14-Dec,data,data
352,5/12/2014 16:49,465,call,2014-12,14-Dec,landline,landline
353,5/12/2014 18:17,153,call,2014-12,14-Dec,Tesco,mobile
354,5/12/2014 18:25,826,call,2014-12,14-Dec,Three,mobile
355,6/12/2014 6:58,34.429,data,2014-12,14-Dec,data,data
356,6/12/2014 11:33,442,call,2014-12,14-Dec,Meteor,mobile
357,6/12/2014 18:25,1,sms,2014-12,14-Dec,Vodafone,mobile
358,6/12/2014 18:26,1,sms,2014-12,14-Dec,Tesco,mobile
359,6/12/2014 18:26,1,sms,2014-12,14-Dec,Vodafone,mobile
360,6/12/2014 18:27,1,sms,2014-12,14-Dec,world,world
361,6/12/2014 18:28,1,sms,2014-12,14-Dec,world,world
362,6/12/2014 19:40,191,call,2014-12,14-Dec,Meteor,mobile
363,7/12/2014 6:58,34.429,data,2014-12,14-Dec,data,data
364,7/12/2014 13:03,99,call,2014-12,14-Dec,voicemail,voicemail
365,7/12/2014 13:45,428,call,2014-12,14-Dec,Three,mobile
366,7/12/2014 14:39,3,call,2014-12,14-Dec,Three,mobile
367,7/12/2014 20:23,727,call,2014-12,14-Dec,Three,mobile
368,7/12/2014 20:36,33,call,2014-12,14-Dec,Tesco,mobile
369,7/12/2014 20:37,120,call,2014-12,14-Dec,Three,mobile
370,7/12/2014 23:22,1,sms,2014-12,14-Dec,world,world
371,7/12/2014 23:22,1,sms,2014-12,14-Dec,world,world
372,8/12/2014 6:58,34.429,data,2014-12,14-Dec,data,data
373,8/12/2014 17:38,55,call,2014-12,14-Dec,Meteor,mobile
374,9/12/2014 6:58,34.429,data,2014-12,14-Dec,data,data
375,9/12/2014 18:32,28,call,2014-12,14-Dec,Tesco,mobile
376,10/12/2014 6:58,34.429,data,2014-12,14-Dec,data,data
377,11/12/2014 6:58,34.429,data,2014-12,14-Dec,data,data
378,12/12/2014 6:58,34.429,data,2014-12,14-Dec,data,data
379,12/12/2014 11:00,112,call,2014-12,14-Dec,Vodafone,mobile
380,12/12/2014 18:14,52,call,2014-12,14-Dec,Vodafone,mobile
381,13-12-2014 06:58,34.429,data,2015-01,14-Dec,data,data
382,13-12-2014 14:56,223,call,2014-12,14-Dec,Three,mobile
383,14-12-2014 02:05,14,call,2014-12,14-Dec,landline,landline
384,14-12-2014 02:07,8,call,2014-12,14-Dec,landline,landline
385,14-12-2014 02:09,74,call,2014-12,14-Dec,landline,landline
386,14-12-2014 06:58,34.429,data,2015-01,14-Dec,data,data
387,14-12-2014 15:28,59,call,2014-12,14-Dec,voicemail,voicemail
388,14-12-2014 19:54,25,call,2014-12,14-Dec,Three,mobile
389,15-12-2014 06:58,34.429,data,2015-01,14-Dec,data,data
390,15-12-2014 19:56,1,sms,2015-01,14-Dec,Three,mobile
391,15-12-2014 19:58,1,sms,2015-01,14-Dec,Three,mobile
392,15-12-2014 20:03,4,call,2015-01,14-Dec,Three,mobile
393,15-12-2014 20:10,1,sms,2015-01,14-Dec,Vodafone,mobile
394,15-12-2014 20:10,1,sms,2015-01,14-Dec,Three,mobile
395,15-12-2014 23:12,1,sms,2015-01,14-Dec,Three,mobile
396,16-12-2014 06:58,34.429,data,2015-01,14-Dec,data,data
397,17-12-2014 06:58,34.429,data,2015-01,14-Dec,data,data
398,17-12-2014 18:08,1859,call,2015-01,14-Dec,Vodafone,mobile
399,17-12-2014 23:26,1,sms,2015-01,14-Dec,Vodafone,mobile
400,18-12-2014 06:58,34.429,data,2015-01,14-Dec,data,data
401,18-12-2014 12:36,61,call,2015-01,14-Dec,Three,mobile
402,18-12-2014 15:46,268,call,2015-01,14-Dec,Meteor,mobile
403,18-12-2014 15:57,192,call,2015-01,14-Dec,Meteor,mobile
404,18-12-2014 16:10,14,call,2015-01,14-Dec,Meteor,mobile
405,18-12-2014 17:54,17,call,2015-01,14-Dec,Three,mobile
406,18-12-2014 19:05,46,call,2015-01,14-Dec,Tesco,mobile
407,18-12-2014 21:58,4,call,2015-01,14-Dec,Meteor,mobile
408,18-12-2014 21:59,4,call,2015-01,14-Dec,Meteor,mobile
409,19-12-2014 06:58,34.429,data,2015-01,14-Dec,data,data
410,19-12-2014 08:57,1,sms,2015-01,14-Dec,Vodafone,mobile
411,19-12-2014 10:14,41,call,2015-01,14-Dec,Three,mobile
412,19-12-2014 12:40,3,call,2015-01,14-Dec,Three,mobile
413,19-12-2014 12:41,217,call,2015-01,14-Dec,Tesco,mobile
414,19-12-2014 12:41,18,call,2015-01,14-Dec,Three,mobile
415,19-12-2014 14:48,58,call,2015-01,14-Dec,Meteor,mobile
416,19-12-2014 16:49,48,call,2015-01,14-Dec,Tesco,mobile
417,19-12-2014 16:51,543,call,2015-01,14-Dec,Tesco,mobile
418,19-12-2014 17:00,131,call,2015-01,14-Dec,Three,mobile
419,19-12-2014 18:44,1,sms,2015-01,14-Dec,Vodafone,mobile
420,20-12-2014 06:58,34.429,data,2015-01,14-Dec,data,data
421,20-12-2014 14:39,1,sms,2015-01,14-Dec,Tesco,mobile
422,20-12-2014 15:20,1,sms,2015-01,14-Dec,Tesco,mobile
423,20-12-2014 15:53,553,call,2015-01,14-Dec,Meteor,mobile
424,20-12-2014 16:09,1,sms,2015-01,14-Dec,Tesco,mobile
425,21-12-2014 00:05,54,call,2015-01,14-Dec,Meteor,mobile
426,21-12-2014 06:58,34.429,data,2015-01,14-Dec,data,data
427,22-12-2014 06:58,34.429,data,2015-01,14-Dec,data,data
428,22-12-2014 10:42,489,call,2015-01,14-Dec,Tesco,mobile
429,22-12-2014 11:22,1,sms,2015-01,14-Dec,Vodafone,mobile
430,22-12-2014 11:22,1,sms,2015-01,14-Dec,Meteor,mobile
431,22-12-2014 13:33,46,call,2015-01,14-Dec,Vodafone,mobile
432,22-12-2014 14:09,1,sms,2015-01,14-Dec,Vodafone,mobile
433,22-12-2014 14:15,47,call,2015-01,14-Dec,Vodafone,mobile
434,22-12-2014 18:03,1,sms,2015-01,14-Dec,Vodafone,mobile
435,22-12-2014 18:03,1,sms,2015-01,14-Dec,Vodafone,mobile
436,22-12-2014 18:03,1,sms,2015-01,14-Dec,Vodafone,mobile
437,22-12-2014 19:10,1,sms,2015-01,14-Dec,Vodafone,mobile
438,22-12-2014 19:12,566,call,2015-01,14-Dec,Tesco,mobile
439,22-12-2014 19:35,1,sms,2015-01,14-Dec,Meteor,mobile
440,22-12-2014 19:36,1,sms,2015-01,14-Dec,Meteor,mobile
441,22-12-2014 23:12,956,call,2015-01,14-Dec,Three,mobile
442,23-12-2014 00:57,55,call,2015-01,14-Dec,Tesco,mobile
443,23-12-2014 06:58,34.429,data,2015-01,14-Dec,data,data
444,23-12-2014 09:17,145,call,2015-01,14-Dec,voicemail,voicemail
445,23-12-2014 11:03,40,call,2015-01,14-Dec,landline,landline
446,23-12-2014 12:49,449,call,2015-01,14-Dec,Three,mobile
447,23-12-2014 15:39,1,sms,2015-01,14-Dec,Vodafone,mobile
448,23-12-2014 15:40,37,call,2015-01,14-Dec,landline,landline
449,23-12-2014 15:43,1,sms,2015-01,14-Dec,Vodafone,mobile
450,23-12-2014 19:45,39,call,2015-01,14-Dec,voicemail,voicemail
451,23-12-2014 20:02,28,call,2015-01,14-Dec,landline,landline
452,23-12-2014 21:06,1,sms,2015-01,14-Dec,Vodafone,mobile
453,24-12-2014 06:58,34.429,data,2015-01,14-Dec,data,data
454,24-12-2014 13:22,4,call,2015-01,14-Dec,Three,mobile
455,24-12-2014 13:29,234,call,2015-01,14-Dec,Tesco,mobile
456,24-12-2014 13:56,165,call,2015-01,14-Dec,Three,mobile
457,24-12-2014 13:56,3,call,2015-01,14-Dec,Three,mobile
458,24-12-2014 17:06,1,sms,2015-01,14-Dec,Vodafone,mobile
459,24-12-2014 17:07,37,call,2015-01,14-Dec,Vodafone,mobile
460,24-12-2014 18:44,5,call,2015-01,14-Dec,Meteor,mobile
461,24-12-2014 20:44,4,call,2015-01,14-Dec,Meteor,mobile
462,24-12-2014 23:34,1,sms,2015-01,14-Dec,Three,mobile
463,25-12-2014 06:58,34.429,data,2015-01,14-Dec,data,data
464,25-12-2014 12:27,1,sms,2015-01,14-Dec,Vodafone,mobile
465,26-12-2014 06:58,34.429,data,2015-01,14-Dec,data,data
466,26-12-2014 11:09,101,call,2015-01,14-Dec,voicemail,voicemail
467,26-12-2014 11:48,1,sms,2015-01,14-Dec,Vodafone,mobile
468,27-12-2014 06:58,34.429,data,2015-01,14-Dec,data,data
469,27-12-2014 22:30,1,sms,2015-01,14-Dec,Meteor,mobile
470,27-12-2014 22:30,1,sms,2015-01,14-Dec,Meteor,mobile
471,27-12-2014 22:30,1,sms,2015-01,14-Dec,Meteor,mobile
472,27-12-2014 22:30,1,sms,2015-01,14-Dec,Meteor,mobile
473,28-12-2014 06:58,34.429,data,2015-01,14-Dec,data,data
474,29-12-2014 06:58,34.429,data,2015-01,14-Dec,data,data
475,29-12-2014 12:09,368,call,2015-01,14-Dec,Tesco,mobile
476,30-12-2014 06:58,34.429,data,2015-01,14-Dec,data,data
477,30-12-2014 11:57,1,sms,2015-01,14-Dec,Three,mobile
478,30-12-2014 11:57,1,sms,2015-01,14-Dec,Three,mobile
479,30-12-2014 12:01,1,sms,2015-01,14-Dec,Three,mobile
480,30-12-2014 12:01,1,sms,2015-01,14-Dec,Three,mobile
481,30-12-2014 12:02,1,sms,2015-01,14-Dec,Three,mobile
482,30-12-2014 12:03,1,sms,2015-01,14-Dec,Three,mobile
483,30-12-2014 12:04,1,sms,2015-01,14-Dec,Three,mobile
484,30-12-2014 12:04,1,sms,2015-01,14-Dec,Three,mobile
485,30-12-2014 12:05,1,sms,2015-01,14-Dec,Three,mobile
486,30-12-2014 12:05,1,sms,2015-01,14-Dec,Three,mobile
487,30-12-2014 12:05,1,sms,2015-01,14-Dec,Three,mobile
488,30-12-2014 12:05,1,sms,2015-01,14-Dec,Three,mobile
489,30-12-2014 12:06,1,sms,2015-01,14-Dec,Three,mobile
490,30-12-2014 12:10,1,sms,2015-01,14-Dec,Three,mobile
491,30-12-2014 12:10,1,sms,2015-01,14-Dec,Three,mobile
492,30-12-2014 12:10,1,sms,2015-01,14-Dec,Three,mobile
493,30-12-2014 12:13,1,sms,2015-01,14-Dec,Three,mobile
494,30-12-2014 12:14,1,sms,2015-01,14-Dec,Three,mobile
495,30-12-2014 12:14,1,sms,2015-01,14-Dec,Three,mobile
496,31-12-2014 06:58,34.429,data,2015-01,14-Dec,data,data
497,31-12-2014 13:00,5,call,2015-01,14-Dec,Meteor,mobile
498,31-12-2014 13:03,358,call,2015-01,14-Dec,Meteor,mobile
499,31-12-2014 13:49,526,call,2015-01,14-Dec,landline,landline
500,31-12-2014 23:05,1,sms,2015-01,14-Dec,Vodafone,mobile
501,31-12-2014 23:37,1,sms,2015-01,14-Dec,Vodafone,mobile
502,31-12-2014 23:37,1,sms,2015-01,14-Dec,Vodafone,mobile
503,31-12-2014 23:37,1,sms,2015-01,14-Dec,Vodafone,mobile
504,1/1/2015 6:58,34.429,data,2015-01,15-Jan,data,data
505,2/1/2015 6:58,34.429,data,2015-01,15-Jan,data,data
506,2/1/2015 11:27,640,call,2015-01,15-Jan,Vodafone,mobile
507,2/1/2015 23:26,1,sms,2015-01,15-Jan,Meteor,mobile
508,2/1/2015 23:28,1,sms,2015-01,15-Jan,Meteor,mobile
509,3/1/2015 6:58,34.429,data,2015-01,15-Jan,data,data
510,3/1/2015 12:01,158,call,2015-01,15-Jan,Vodafone,mobile
511,4/1/2015 0:57,104,call,2015-01,15-Jan,Three,mobile
512,4/1/2015 6:58,34.429,data,2015-01,15-Jan,data,data
513,4/1/2015 14:20,3,call,2015-01,15-Jan,Vodafone,mobile
514,4/1/2015 14:31,6,call,2015-01,15-Jan,Vodafone,mobile
515,4/1/2015 14:32,41,call,2015-01,15-Jan,Vodafone,mobile
516,5/1/2015 6:58,34.429,data,2015-01,15-Jan,data,data
517,5/1/2015 9:49,56,call,2015-01,15-Jan,landline,landline
518,5/1/2015 9:51,128,call,2015-01,15-Jan,landline,landline
519,5/1/2015 10:10,77,call,2015-01,15-Jan,Three,mobile
520,5/1/2015 10:25,5,call,2015-01,15-Jan,Three,mobile
521,5/1/2015 10:25,1,sms,2015-01,15-Jan,Three,mobile
522,5/1/2015 10:52,1,sms,2015-01,15-Jan,Three,mobile
523,5/1/2015 10:56,144,call,2015-01,15-Jan,landline,landline
524,5/1/2015 11:58,99,call,2015-01,15-Jan,Meteor,mobile
525,5/1/2015 14:29,60,call,2015-01,15-Jan,landline,landline
526,5/1/2015 16:41,682,call,2015-01,15-Jan,Three,mobile
527,5/1/2015 17:22,36,call,2015-01,15-Jan,Tesco,mobile
528,5/1/2015 20:23,734,call,2015-01,15-Jan,Three,mobile
529,6/1/2015 6:58,34.429,data,2015-01,15-Jan,data,data
530,6/1/2015 9:04,1,sms,2015-01,15-Jan,Three,mobile
531,6/1/2015 9:04,1,sms,2015-01,15-Jan,Three,mobile
532,6/1/2015 13:28,16,call,2015-01,15-Jan,Meteor,mobile
533,6/1/2015 13:29,295,call,2015-01,15-Jan,Vodafone,mobile
534,6/1/2015 13:55,1,sms,2015-01,15-Jan,Vodafone,mobile
535,6/1/2015 19:17,106,call,2015-01,15-Jan,Meteor,mobile
536,6/1/2015 20:40,29,call,2015-01,15-Jan,Vodafone,mobile
537,7/1/2015 6:58,34.429,data,2015-01,15-Jan,data,data
538,7/1/2015 9:28,1,sms,2015-01,15-Jan,Vodafone,mobile
539,7/1/2015 21:20,1,sms,2015-01,15-Jan,Vodafone,mobile
540,7/1/2015 21:20,1,sms,2015-01,15-Jan,Vodafone,mobile
541,8/1/2015 6:58,34.429,data,2015-01,15-Jan,data,data
542,8/1/2015 15:02,4,call,2015-01,15-Jan,Meteor,mobile
543,8/1/2015 15:10,3,call,2015-01,15-Jan,Meteor,mobile
544,8/1/2015 15:10,23,call,2015-01,15-Jan,Meteor,mobile
545,8/1/2015 20:15,290,call,2015-01,15-Jan,Tesco,mobile
546,8/1/2015 20:26,1,sms,2015-01,15-Jan,Vodafone,mobile
547,8/1/2015 20:30,12,call,2015-01,15-Jan,Tesco,mobile
548,8/1/2015 20:31,1247,call,2015-01,15-Jan,Three,mobile
549,8/1/2015 22:41,1,sms,2015-01,15-Jan,Vodafone,mobile
550,8/1/2015 22:41,1,sms,2015-01,15-Jan,Vodafone,mobile
551,8/1/2015 22:52,1,sms,2015-01,15-Jan,Vodafone,mobile
552,8/1/2015 22:52,1,sms,2015-01,15-Jan,Vodafone,mobile
553,8/1/2015 23:06,1,sms,2015-01,15-Jan,Vodafone,mobile
554,8/1/2015 23:06,1,sms,2015-01,15-Jan,Vodafone,mobile
555,9/1/2015 6:58,34.429,data,2015-01,15-Jan,data,data
556,9/1/2015 9:25,1,sms,2015-01,15-Jan,Meteor,mobile
557,9/1/2015 9:43,33,call,2015-01,15-Jan,Three,mobile
558,9/1/2015 10:07,4,call,2015-01,15-Jan,Vodafone,mobile
559,9/1/2015 17:32,57,call,2015-01,15-Jan,Vodafone,mobile
560,10/1/2015 6:58,34.429,data,2015-01,15-Jan,data,data
561,10/1/2015 14:10,2,call,2015-01,15-Jan,Three,mobile
562,10/1/2015 14:36,6,call,2015-01,15-Jan,Vodafone,mobile
563,10/1/2015 14:44,398,call,2015-01,15-Jan,Vodafone,mobile
564,10/1/2015 15:58,412,call,2015-01,15-Jan,Meteor,mobile
565,10/1/2015 16:57,568,call,2015-01,15-Jan,Three,mobile
566,10/1/2015 21:16,1,sms,2015-01,15-Jan,Vodafone,mobile
567,10/1/2015 21:16,1,sms,2015-01,15-Jan,Vodafone,mobile
568,11/1/2015 6:58,34.429,data,2015-01,15-Jan,data,data
569,11/1/2015 13:29,1,sms,2015-01,15-Jan,Vodafone,mobile
570,11/1/2015 13:54,201,call,2015-01,15-Jan,Three,mobile
571,12/1/2015 6:58,34.429,data,2015-01,15-Jan,data,data
572,12/1/2015 12:01,18,call,2015-01,15-Jan,Meteor,mobile
573,12/1/2015 12:01,7,call,2015-01,15-Jan,Meteor,mobile
574,12/1/2015 18:23,4,call,2015-01,15-Jan,Three,mobile
575,12/1/2015 18:26,1,sms,2015-01,15-Jan,Vodafone,mobile
576,12/1/2015 18:26,1,sms,2015-01,15-Jan,Vodafone,mobile
577,13-01-2015 06:58,34.429,data,2015-02,15-Jan,data,data
578,13-01-2015 15:04,503,call,2015-01,15-Jan,Three,mobile
579,13-01-2015 19:09,1,sms,2015-01,15-Jan,Three,mobile
580,13-01-2015 19:44,1,sms,2015-01,15-Jan,Three,mobile
581,13-01-2015 19:44,1,sms,2015-01,15-Jan,Three,mobile
582,13-01-2015 19:57,1,sms,2015-01,15-Jan,Vodafone,mobile
583,13-01-2015 19:57,1,sms,2015-01,15-Jan,Vodafone,mobile
584,13-01-2015 19:58,105,call,2015-01,15-Jan,landline,landline
585,13-01-2015 20:00,466,call,2015-01,15-Jan,landline,landline
586,14-01-2015 06:58,34.429,data,2015-02,15-Jan,data,data
587,14-01-2015 17:15,13,call,2015-01,15-Jan,landline,landline
588,14-01-2015 19:16,397,call,2015-01,15-Jan,Three,mobile
589,14-01-2015 20:47,36,call,2015-01,15-Jan,Three,mobile
590,14-01-2015 23:34,1,sms,2015-01,15-Jan,Vodafone,mobile
591,14-01-2015 23:34,1,sms,2015-01,15-Jan,Vodafone,mobile
592,14-01-2015 23:35,1,sms,2015-01,15-Jan,Three,mobile
593,14-01-2015 23:36,1,sms,2015-01,15-Jan,Three,mobile
594,15-01-2015 06:58,34.429,data,2015-02,15-Jan,data,data
595,15-01-2015 10:36,28,call,2015-02,15-Jan,Three,mobile
596,15-01-2015 12:23,1,sms,2015-02,15-Jan,special,special
597,15-01-2015 17:22,168,call,2015-02,15-Jan,Tesco,mobile
598,16-01-2015 06:58,34.429,data,2015-02,15-Jan,data,data
599,16-01-2015 09:45,1,call,2015-02,15-Jan,Meteor,mobile
600,16-01-2015 09:56,61,call,2015-02,15-Jan,Meteor,mobile
601,16-01-2015 10:17,14,call,2015-02,15-Jan,Three,mobile
602,16-01-2015 10:25,20,call,2015-02,15-Jan,Three,mobile
603,16-01-2015 17:46,411,call,2015-02,15-Jan,Tesco,mobile
604,16-01-2015 18:07,1,sms,2015-02,15-Jan,Vodafone,mobile
605,16-01-2015 18:07,1,sms,2015-02,15-Jan,Vodafone,mobile
606,16-01-2015 18:07,1,sms,2015-02,15-Jan,Vodafone,mobile
607,16-01-2015 18:07,1,sms,2015-02,15-Jan,Vodafone,mobile
608,16-01-2015 18:07,1,sms,2015-02,15-Jan,Three,mobile
609,16-01-2015 18:07,1,sms,2015-02,15-Jan,Three,mobile
610,17-01-2015 06:58,34.429,data,2015-02,15-Jan,data,data
611,17-01-2015 18:50,78,call,2015-02,15-Jan,Three,mobile
612,17-01-2015 21:59,82,call,2015-02,15-Jan,Tesco,mobile
613,18-01-2015 06:58,34.429,data,2015-02,15-Jan,data,data
614,18-01-2015 16:27,478,call,2015-02,15-Jan,Three,mobile
615,18-01-2015 17:04,700,call,2015-02,15-Jan,Tesco,mobile
616,19-01-2015 06:58,34.429,data,2015-02,15-Jan,data,data
617,19-01-2015 12:44,1,sms,2015-02,15-Jan,Vodafone,mobile
618,19-01-2015 19:57,103,call,2015-02,15-Jan,Tesco,mobile
619,19-01-2015 20:08,53,call,2015-02,15-Jan,Tesco,mobile
620,19-01-2015 20:14,38,call,2015-02,15-Jan,Tesco,mobile
621,20-01-2015 06:58,34.429,data,2015-02,15-Jan,data,data
622,20-01-2015 15:08,1,sms,2015-02,15-Jan,Vodafone,mobile
623,20-01-2015 19:49,1,sms,2015-02,15-Jan,Vodafone,mobile
624,20-01-2015 20:23,1,sms,2015-02,15-Jan,Vodafone,mobile
625,21-01-2015 06:58,34.429,data,2015-02,15-Jan,data,data
626,21-01-2015 10:13,48,call,2015-02,15-Jan,Three,mobile
627,21-01-2015 14:36,93,call,2015-02,15-Jan,voicemail,voicemail
628,21-01-2015 14:44,1,sms,2015-02,15-Jan,Vodafone,mobile
629,21-01-2015 15:56,27,call,2015-02,15-Jan,voicemail,voicemail
630,21-01-2015 15:57,265,call,2015-02,15-Jan,Three,mobile
631,21-01-2015 18:04,777,call,2015-02,15-Jan,Tesco,mobile
632,21-01-2015 19:38,1090,call,2015-02,15-Jan,Meteor,mobile
633,21-01-2015 19:59,491,call,2015-02,15-Jan,Vodafone,mobile
634,22-01-2015 06:58,34.429,data,2015-02,15-Jan,data,data
635,22-01-2015 18:59,41,call,2015-02,15-Jan,voicemail,voicemail
636,22-01-2015 19:00,1107,call,2015-02,15-Jan,Vodafone,mobile
637,23-01-2015 06:58,34.429,data,2015-02,15-Jan,data,data
638,23-01-2015 12:56,29,call,2015-02,15-Jan,landline,landline
639,23-01-2015 14:32,200,call,2015-02,15-Jan,Tesco,mobile
640,23-01-2015 15:09,129,call,2015-02,15-Jan,Three,mobile
641,23-01-2015 15:22,1,sms,2015-02,15-Jan,Vodafone,mobile
642,23-01-2015 15:24,1,sms,2015-02,15-Jan,Vodafone,mobile
643,23-01-2015 15:37,1,sms,2015-02,15-Jan,Vodafone,mobile
644,23-01-2015 21:22,206,call,2015-02,15-Jan,Tesco,mobile
645,24-01-2015 06:58,34.429,data,2015-02,15-Jan,data,data
646,25-01-2015 06:58,34.429,data,2015-02,15-Jan,data,data
647,25-01-2015 09:16,4,call,2015-02,15-Jan,Vodafone,mobile
648,25-01-2015 16:55,1863,call,2015-02,15-Jan,Three,mobile
649,26-01-2015 06:58,34.429,data,2015-02,15-Jan,data,data
650,26-01-2015 16:54,104,call,2015-02,15-Jan,Three,mobile
651,26-01-2015 17:15,501,call,2015-02,15-Jan,Three,mobile
652,27-01-2015 06:58,34.429,data,2015-02,15-Jan,data,data
653,27-01-2015 09:36,37,call,2015-02,15-Jan,Three,mobile
654,27-01-2015 10:55,36,call,2015-02,15-Jan,Meteor,mobile
655,28-01-2015 06:58,34.429,data,2015-02,15-Jan,data,data
656,28-01-2015 09:44,8,call,2015-02,15-Jan,Vodafone,mobile
657,28-01-2015 10:02,7,call,2015-02,15-Jan,landline,landline
658,28-01-2015 15:53,272,call,2015-02,15-Jan,landline,landline
659,29-01-2015 06:58,34.429,data,2015-02,15-Jan,data,data
660,29-01-2015 11:35,1,sms,2015-02,15-Jan,Vodafone,mobile
661,29-01-2015 11:50,1,sms,2015-02,15-Jan,Vodafone,mobile
662,29-01-2015 17:11,255,call,2015-02,15-Jan,Tesco,mobile
663,29-01-2015 17:19,1,sms,2015-02,15-Jan,Vodafone,mobile
664,29-01-2015 17:58,362,call,2015-02,15-Jan,Three,mobile
665,29-01-2015 18:05,100,call,2015-02,15-Jan,Tesco,mobile
666,29-01-2015 19:27,74,call,2015-02,15-Jan,Tesco,mobile
667,30-01-2015 06:58,34.429,data,2015-02,15-Jan,data,data
668,30-01-2015 19:43,33,call,2015-02,15-Jan,Tesco,mobile
669,30-01-2015 19:56,45,call,2015-02,15-Jan,Tesco,mobile
670,31-01-2015 06:58,34.429,data,2015-02,15-Jan,data,data
671,31-01-2015 12:48,31,call,2015-02,15-Jan,Tesco,mobile
672,31-01-2015 13:14,7,call,2015-02,15-Jan,Vodafone,mobile
673,1/2/2015 6:58,34.429,data,2015-02,15-Feb,data,data
674,1/2/2015 13:33,103,call,2015-02,15-Feb,landline,landline
675,2/2/2015 6:58,34.429,data,2015-02,15-Feb,data,data
676,2/2/2015 17:11,280,call,2015-02,15-Feb,Tesco,mobile
677,2/2/2015 17:16,183,call,2015-02,15-Feb,Tesco,mobile
678,2/2/2015 17:35,1,sms,2015-02,15-Feb,Tesco,mobile
679,2/2/2015 17:35,1,sms,2015-02,15-Feb,Tesco,mobile
680,2/2/2015 17:35,1,sms,2015-02,15-Feb,Three,mobile
681,2/2/2015 17:35,1,sms,2015-02,15-Feb,Three,mobile
682,2/2/2015 18:17,7,call,2015-02,15-Feb,landline,landline
683,3/2/2015 6:58,34.429,data,2015-02,15-Feb,data,data
684,3/2/2015 14:45,6,call,2015-02,15-Feb,Three,mobile
685,4/2/2015 6:58,34.429,data,2015-02,15-Feb,data,data
686,4/2/2015 12:36,21,call,2015-02,15-Feb,voicemail,voicemail
687,4/2/2015 14:52,227,call,2015-02,15-Feb,Tesco,mobile
688,4/2/2015 17:04,1,sms,2015-02,15-Feb,special,special
689,5/2/2015 6:58,34.429,data,2015-02,15-Feb,data,data
690,5/2/2015 13:37,62,call,2015-02,15-Feb,voicemail,voicemail
691,5/2/2015 13:38,91,call,2015-02,15-Feb,landline,landline
692,6/2/2015 6:58,34.429,data,2015-02,15-Feb,data,data
693,6/2/2015 10:36,24,call,2015-02,15-Feb,voicemail,voicemail
694,6/2/2015 10:37,128,call,2015-02,15-Feb,Vodafone,mobile
695,6/2/2015 18:39,23,call,2015-02,15-Feb,Three,mobile
696,6/2/2015 18:41,51,call,2015-02,15-Feb,Three,mobile
697,7/2/2015 6:58,34.429,data,2015-02,15-Feb,data,data
698,7/2/2015 9:48,1,sms,2015-02,15-Feb,Vodafone,mobile
699,7/2/2015 9:48,1,sms,2015-02,15-Feb,Vodafone,mobile
700,7/2/2015 10:03,119,call,2015-02,15-Feb,Vodafone,mobile
701,7/2/2015 11:13,1,sms,2015-02,15-Feb,Vodafone,mobile
702,7/2/2015 11:37,4,call,2015-02,15-Feb,Three,mobile
703,7/2/2015 15:04,1,sms,2015-02,15-Feb,Vodafone,mobile
704,7/2/2015 16:06,1,sms,2015-02,15-Feb,Three,mobile
705,7/2/2015 16:11,1,sms,2015-02,15-Feb,Three,mobile
706,7/2/2015 16:11,1,sms,2015-02,15-Feb,Three,mobile
707,7/2/2015 16:16,1,sms,2015-02,15-Feb,Three,mobile
708,7/2/2015 16:27,141,call,2015-02,15-Feb,landline,landline
709,7/2/2015 17:33,795,call,2015-02,15-Feb,Three,mobile
710,7/2/2015 17:56,121,call,2015-02,15-Feb,Tesco,mobile
711,7/2/2015 18:23,2,call,2015-02,15-Feb,Three,mobile
712,7/2/2015 22:18,1,sms,2015-02,15-Feb,Three,mobile
713,7/2/2015 22:30,1,sms,2015-02,15-Feb,Three,mobile
714,7/2/2015 22:30,1,sms,2015-02,15-Feb,Three,mobile
715,8/2/2015 6:58,34.429,data,2015-02,15-Feb,data,data
716,8/2/2015 20:54,80,call,2015-02,15-Feb,landline,landline
717,9/2/2015 6:58,34.429,data,2015-02,15-Feb,data,data
718,9/2/2015 9:08,653,call,2015-02,15-Feb,Three,mobile
719,9/2/2015 17:41,729,call,2015-02,15-Feb,Three,mobile
720,9/2/2015 17:54,89,call,2015-02,15-Feb,Three,mobile
721,9/2/2015 18:32,1,sms,2015-02,15-Feb,Vodafone,mobile
722,9/2/2015 22:54,1,sms,2015-02,15-Feb,Meteor,mobile
723,10/2/2015 0:24,1,sms,2015-02,15-Feb,Vodafone,mobile
724,10/2/2015 0:24,1,sms,2015-02,15-Feb,Vodafone,mobile
725,10/2/2015 6:58,34.429,data,2015-02,15-Feb,data,data
726,10/2/2015 21:40,1,sms,2015-02,15-Feb,Vodafone,mobile
727,11/2/2015 6:58,34.429,data,2015-02,15-Feb,data,data
728,12/2/2015 6:58,34.429,data,2015-02,15-Feb,data,data
729,12/2/2015 20:15,69,call,2015-03,15-Feb,landline,landline
730,12/2/2015 20:51,86,call,2015-03,15-Feb,Tesco,mobile
731,13-02-2015 06:58,34.429,data,2015-03,15-Feb,data,data
732,13-02-2015 10:58,451,call,2015-03,15-Feb,Vodafone,mobile
733,13-02-2015 21:13,8,call,2015-03,15-Feb,Vodafone,mobile
734,14-02-2015 06:58,34.429,data,2015-03,15-Feb,data,data
735,14-02-2015 15:40,106,call,2015-03,15-Feb,Three,mobile
736,14-02-2015 16:06,148,call,2015-03,15-Feb,Tesco,mobile
737,15-02-2015 06:58,34.429,data,2015-03,15-Feb,data,data
738,15-02-2015 18:44,21,call,2015-03,15-Feb,landline,landline
739,16-02-2015 06:58,34.429,data,2015-03,15-Feb,data,data
740,17-02-2015 06:58,34.429,data,2015-03,15-Feb,data,data
741,17-02-2015 15:59,24,call,2015-03,15-Feb,Meteor,mobile
742,17-02-2015 19:09,2328,call,2015-03,15-Feb,Three,mobile
743,18-02-2015 06:58,34.429,data,2015-03,15-Feb,data,data
744,18-02-2015 18:49,165,call,2015-03,15-Feb,Tesco,mobile
745,18-02-2015 19:56,94,call,2015-03,15-Feb,Three,mobile
746,19-02-2015 06:58,34.429,data,2015-03,15-Feb,data,data
747,19-02-2015 18:46,1,sms,2015-03,15-Feb,Vodafone,mobile
748,19-02-2015 22:00,1,sms,2015-03,15-Feb,Vodafone,mobile
749,19-02-2015 22:00,1,sms,2015-03,15-Feb,Vodafone,mobile
750,19-02-2015 22:00,1,sms,2015-03,15-Feb,Vodafone,mobile
751,20-02-2015 06:58,34.429,data,2015-03,15-Feb,data,data
752,20-02-2015 13:45,68,call,2015-03,15-Feb,Vodafone,mobile
753,21-02-2015 06:58,34.429,data,2015-03,15-Feb,data,data
754,22-02-2015 06:58,34.429,data,2015-03,15-Feb,data,data
755,23-02-2015 06:58,34.429,data,2015-03,15-Feb,data,data
756,23-02-2015 20:49,182,call,2015-03,15-Feb,landline,landline
757,24-02-2015 06:58,34.429,data,2015-03,15-Feb,data,data
758,24-02-2015 10:05,107,call,2015-03,15-Feb,voicemail,voicemail
759,24-02-2015 13:32,1,sms,2015-03,15-Feb,Three,mobile
760,24-02-2015 13:32,1,sms,2015-03,15-Feb,Three,mobile
761,25-02-2015 06:58,34.429,data,2015-03,15-Feb,data,data
762,25-02-2015 12:56,117,call,2015-03,15-Feb,Tesco,mobile
763,25-02-2015 12:58,129,call,2015-03,15-Feb,Vodafone,mobile
764,25-02-2015 13:15,356,call,2015-03,15-Feb,Three,mobile
765,25-02-2015 13:21,1,sms,2015-03,15-Feb,Tesco,mobile
766,25-02-2015 13:22,1,sms,2015-03,15-Feb,Tesco,mobile
767,25-02-2015 13:22,1,sms,2015-03,15-Feb,Tesco,mobile
768,25-02-2015 13:22,1,sms,2015-03,15-Feb,Tesco,mobile
769,25-02-2015 13:26,194,call,2015-03,15-Feb,Tesco,mobile
770,25-02-2015 13:46,229,call,2015-03,15-Feb,Tesco,mobile
771,25-02-2015 15:45,32,call,2015-03,15-Feb,Vodafone,mobile
772,26-02-2015 06:58,34.429,data,2015-03,15-Feb,data,data
773,26-02-2015 16:38,570,call,2015-03,15-Feb,Vodafone,mobile
774,26-02-2015 22:34,29,call,2015-03,15-Feb,voicemail,voicemail
775,27-02-2015 06:58,34.429,data,2015-03,15-Feb,data,data
776,27-02-2015 13:50,27,call,2015-03,15-Feb,Three,mobile
777,27-02-2015 14:33,107,call,2015-03,15-Feb,Three,mobile
778,27-02-2015 14:36,128,call,2015-03,15-Feb,Vodafone,mobile
779,28-02-2015 06:58,34.429,data,2015-03,15-Feb,data,data
780,28-02-2015 14:09,335,call,2015-03,15-Feb,landline,landline
781,28-02-2015 14:57,49,call,2015-03,15-Feb,Meteor,mobile
782,28-02-2015 15:09,5,call,2015-03,15-Feb,Three,mobile
783,28-02-2015 15:49,305,call,2015-03,15-Feb,landline,landline
784,28-02-2015 16:00,207,call,2015-03,15-Feb,landline,landline
785,28-02-2015 17:13,11,call,2015-03,15-Feb,landline,landline
786,28-02-2015 17:14,3,call,2015-03,15-Feb,landline,landline
787,28-02-2015 17:17,33,call,2015-03,15-Feb,landline,landline
788,28-02-2015 21:25,357,call,2015-03,15-Feb,Three,mobile
789,28-02-2015 21:55,1,sms,2015-03,15-Feb,Vodafone,mobile
790,28-02-2015 22:39,1,sms,2015-03,15-Feb,Three,mobile
791,1/3/2015 6:58,34.429,data,2015-03,15-Mar,data,data
792,1/3/2015 12:19,9,call,2015-03,15-Mar,Meteor,mobile
793,2/3/2015 6:58,34.429,data,2015-03,15-Mar,data,data
794,2/3/2015 9:19,1,sms,2015-03,15-Mar,Vodafone,mobile
795,2/3/2015 9:19,1,sms,2015-03,15-Mar,Vodafone,mobile
796,2/3/2015 9:23,1,sms,2015-03,15-Mar,Vodafone,mobile
797,2/3/2015 9:30,1,sms,2015-03,15-Mar,Vodafone,mobile
798,2/3/2015 9:30,1,sms,2015-03,15-Mar,Vodafone,mobile
799,2/3/2015 13:07,463,call,2015-03,15-Mar,Three,mobile
800,2/3/2015 14:53,2,call,2015-03,15-Mar,voicemail,voicemail
801,2/3/2015 14:54,93,call,2015-03,15-Mar,voicemail,voicemail
802,2/3/2015 17:35,192,call,2015-03,15-Mar,Meteor,mobile
803,2/3/2015 20:48,34,call,2015-03,15-Mar,Tesco,mobile
804,3/3/2015 6:58,34.429,data,2015-03,15-Mar,data,data
805,3/3/2015 9:57,76,call,2015-03,15-Mar,landline,landline
806,3/3/2015 9:59,355,call,2015-03,15-Mar,Three,mobile
807,3/3/2015 10:12,745,call,2015-03,15-Mar,Vodafone,mobile
808,3/3/2015 10:27,57,call,2015-03,15-Mar,Vodafone,mobile
809,3/3/2015 14:34,1325,call,2015-03,15-Mar,Vodafone,mobile
810,3/3/2015 18:36,768,call,2015-03,15-Mar,Three,mobile
811,4/3/2015 6:58,34.429,data,2015-03,15-Mar,data,data
812,4/3/2015 7:02,1,sms,2015-03,15-Mar,Vodafone,mobile
813,4/3/2015 7:16,1,sms,2015-03,15-Mar,Vodafone,mobile
814,4/3/2015 10:30,1,sms,2015-03,15-Mar,Three,mobile
815,4/3/2015 10:30,1,sms,2015-03,15-Mar,Three,mobile
816,4/3/2015 12:29,10528,call,2015-03,15-Mar,landline,landline
817,5/3/2015 6:58,34.429,data,2015-03,15-Mar,data,data
818,6/3/2015 6:58,34.429,data,2015-03,15-Mar,data,data
819,7/3/2015 6:58,34.429,data,2015-03,15-Mar,data,data
820,8/3/2015 6:58,34.429,data,2015-03,15-Mar,data,data
821,9/3/2015 6:58,34.429,data,2015-03,15-Mar,data,data
822,10/3/2015 6:58,34.429,data,2015-03,15-Mar,data,data
823,11/3/2015 6:58,34.429,data,2015-03,15-Mar,data,data
824,12/3/2015 6:58,34.429,data,2015-03,15-Mar,data,data
825,13-03-2015 00:38,1,sms,2015-03,15-Mar,world,world
826,13-03-2015 00:39,1,sms,2015-03,15-Mar,Vodafone,mobile
827,13-03-2015 06:58,34.429,data,2015-03,15-Mar,data,data
828,14-03-2015 00:13,1,sms,2015-03,15-Mar,world,world
829,14-03-2015 00:16,1,sms,2015-03,15-Mar,world,world
